0,1,2,3,4,5,6,7,8,9,10,11,12,13,14,15,16,17,18,19,20,21,22,23,24,25,26,27,28,29,30,31,32,33,34,35,36,37,38,39,40,41,42,43,44,45,46,47,48,49,50,51,52,53,54,55,56,57,58,59,60,61,62,63,64,65,66,67,68,69,70,71,72,73,74,75,76,77,78,79,80,81,82,83,84,85,86,87,88,89,90,91,92,93,94,95,96,97,98,99,100,101,102,103,104,105,106,107,108,109,110,111,112,113,114,115,116,117,118,119,120,121
28/07/2024 09:00 - 13:00,29/07/2024 09:00 - 13:00,30/07/2024 09:00 - 13:00,31/07/2024 09:00 - 13:00,1/08/2024 09:00 - 13:00,2/08/2024 09:00 - 13:00,3/08/2024 09:00 - 13:00,4/08/2024 09:00 - 11:00,5/08/2024 09:00 - 11:00,27/07/2024 14:00 - 16:00,28/07/2024 15:00 - 18:00,29/07/2024 15:00 - 18:00,30/07/2024 15:00 - 18:00,31/07/2024 15:00 - 18:00,1/08/2024 15:00 - 18:00,2/08/2024 15:00 - 18:00,3/08/2024 16:00 - 19:00,4/08/2024 13:00 - 15:00,5/08/2024 13:00 - 15:00,27/07/2024 18:00 - 20:00,4/08/2024 17:00 - 19:00,5/08/2024 17:00 - 19:00,6/08/2024 17:00 - 19:00,7/08/2024 17:00 - 19:00,8/08/2024 17:00 - 19:00,27/07/2024 22:00 - 00:00,28/07/2024 20:00 - 23:00,29/07/2024 20:00 - 23:00,30/07/2024 20:00 - 23:00,31/07/2024 20:00 - 23:00,1/08/2024 20:00 - 23:00,2/08/2024 20:00 - 23:00,3/08/2024 21:00 - 00:00,4/08/2024 21:00 - 23:00,5/08/2024 21:00 - 23:00,6/08/2024 21:00 - 23:00,7/08/2024 21:00 - 23:00,8/08/2024 21:00 - 23:00,9/08/2024 21:00 - 00:00,10/08/2024 21:00 - 00:00,,,,,,,,,,,,,,,,,,,,,,,,,,,,,,,,,,,,,,,,,,,,,,,,,,,,,,,,,,,,,,,,,,,,,,,,,,,,,,,,,,
27/07/2024 10:00 - 14:00,28/07/2024 10:00 - 14:00,29/07/2024 10:00 - 14:00,30/07/2024 10:00 - 14:00,31/07/2024 10:00 - 14:00,1/08/2024 10:00 - 14:00,2/08/2024 10:00 - 14:00,3/08/2024 08:00 - 14:00,27/07/2024 16:00 - 19:00,28/07/2024 16:00 - 19:00,29/07/2024 16:00 - 19:00,30/07/2024 16:00 - 19:00,31/07/2024 16:00 - 19:00,1/08/2024 16:00 - 19:00,2/08/2024 16:00 - 19:00,3/08/2024 16:00 - 19:00,5/08/2024 15:00 - 17:00,6/08/2024 11:00 - 13:30,7/08/2024 11:00 - 13:30,8/08/2024 11:00 - 13:30,9/08/2024 11:00 - 13:30,10/08/2024 11:00 - 13:30,11/08/2024 11:00 - 14:30,5/08/2024 21:00 - 22:00,6/08/2024 18:15 - 22:00,7/08/2024 18:15 - 22:00,8/08/2024 18:15 - 22:00,9/08/2024 18:15 - 22:00,10/08/2024 18:15 - 22:00,,,,,,,,,,,,,,,,,,,,,,,,,,,,,,,,,,,,,,,,,,,,,,,,,,,,,,,,,,,,,,,,,,,,,,,,,,,,,,,,,,,,,,,,,,,,,
27/07/2024 10:00 - 16:40,28/07/2024 09:30 - 16:50,29/07/2024 09:30 - 16:50,30/07/2024 12:00 - 17:30,31/07/2024 12:00 - 17:30,1/08/2024 10:00 - 17:10,2/08/2024 12:00 - 17:30,3/08/2024 11:30 - 17:00,4/08/2024 10:00 - 17:10,27/07/2024 19:00 - 22:50,28/07/2024 19:00 - 23:10,29/07/2024 19:00 - 23:10,30/07/2024 19:30 - 21:40,31/07/2024 19:30 - 21:40,1/08/2024 19:10 - 22:00,2/08/2024 19:30 - 21:40,3/08/2024 19:00 - 21:10,4/08/2024 19:10 - 22:00,7/08/2024 09:00 - 12:30,8/08/2024 09:00 - 12:30,9/08/2024 09:00 - 12:30,10/08/2024 09:00 - 12:30,7/08/2024 14:30 - 17:30,8/08/2024 14:30 - 17:30,9/08/2024 14:30 - 17:30,10/08/2024 14:30 - 17:30,7/08/2024 19:30 - 23:00,8/08/2024 19:30 - 23:00,9/08/2024 19:30 - 23:00,10/08/2024 19:30 - 23:00,,,,,,,,,,,,,,,,,,,,,,,,,,,,,,,,,,,,,,,,,,,,,,,,,,,,,,,,,,,,,,,,,,,,,,,,,,,,,,,,,,,,,,,,,,,,
25/07/2024 09:30 - 12:30,28/07/2024 09:30 - 11:05,29/07/2024 09:30 - 11:05,30/07/2024 12:00 - 15:55,31/07/2024 12:00 - 15:55,1/08/2024 09:30 - 13:25,2/08/2024 09:30 - 12:05,3/08/2024 09:30 - 11:15,4/08/2024 09:30 - 11:15,25/07/2024 14:15 - 17:15,28/07/2024 14:15 - 17:55,29/07/2024 14:15 - 17:55,30/07/2024 17:45 - 20:25,31/07/2024 17:45 - 20:25,1/08/2024 15:30 - 19:25,2/08/2024 14:15 - 17:25,3/08/2024 13:00 - 15:20,4/08/2024 13:00 - 15:20,,,,,,,,,,,,,,,,,,,,,,,,,,,,,,,,,,,,,,,,,,,,,,,,,,,,,,,,,,,,,,,,,,,,,,,,,,,,,,,,,,,,,,,,,,,,,,,,,,,,,,,,
30/07/2024 08:00 - 10:30,31/07/2024 08:00 - 10:40,5/08/2024 08:00 - 10:10,8/08/2024 07:30 - 10:30,9/08/2024 07:30 - 10:30,,,,,,,,,,,,,,,,,,,,,,,,,,,,,,,,,,,,,,,,,,,,,,,,,,,,,,,,,,,,,,,,,,,,,,,,,,,,,,,,,,,,,,,,,,,,,,,,,,,,,,,,,,,,,,,,,,,,,
1/08/2024 07:30 - 11:45,3/08/2024 11:00 - 18:15,4/08/2024 14:00 - 18:45,,,,,,,,,,,,,,,,,,,,,,,,,,,,,,,,,,,,,,,,,,,,,,,,,,,,,,,,,,,,,,,,,,,,,,,,,,,,,,,,,,,,,,,,,,,,,,,,,,,,,,,,,,,,,,,,,,,,,,,
1/08/2024 09:00 - 11:00,2/08/2024 09:00 - 11:00,1/08/2024 12:30 - 14:30,30/07/2024 17:30 - 19:30,31/07/2024 17:30 - 19:30,1/08/2024 18:00 - 20:00,2/08/2024 17:30 - 19:30,3/08/2024 17:30 - 19:30,4/08/2024 17:30 - 19:30,5/08/2024 17:30 - 19:30,30/07/2024 21:00 - 23:00,31/07/2024 21:00 - 23:00,1/08/2024 21:30 - 23:30,2/08/2024 21:00 - 23:00,3/08/2024 21:30 - 22:30,4/08/2024 21:30 - 22:30,5/08/2024 21:00 - 23:20,9/08/2024 16:00 - 18:00,9/08/2024 20:00 - 22:00,10/08/2024 20:00 - 22:00,30/07/2024 13:25 - 16:30,31/07/2024 13:10 - 16:30,27/07/2024 12:00 - 15:30,28/07/2024 12:00 - 15:30,27/07/2024 17:00 - 19:00,28/07/2024 17:00 - 19:00,6/08/2024 12:30 - 16:00,7/08/2024 12:30 - 16:00,,,,,,,,,,,,,,,,,,,,,,,,,,,,,,,,,,,,,,,,,,,,,,,,,,,,,,,,,,,,,,,,,,,,,,,,,,,,,,,,,,,,,,,,,,,,,,
6/08/2024 17:30 - 19:00,7/08/2024 17:30 - 19:00,27/07/2024 12:00 - 17:00,28/07/2024 12:00 - 17:00,29/07/2024 12:00 - 17:00,30/07/2024 12:00 - 17:00,31/07/2024 12:00 - 17:00,1/08/2024 12:00 - 17:00,2/08/2024 12:00 - 17:00,3/08/2024 12:00 - 19:00,27/07/2024 19:00 - 23:00,28/07/2024 19:00 - 23:00,29/07/2024 19:00 - 23:00,30/07/2024 19:00 - 23:00,31/07/2024 19:00 - 23:00,1/08/2024 19:00 - 23:00,2/08/2024 19:00 - 23:30,27/07/2024 12:00 - 19:00,28/07/2024 12:00 - 19:00,29/07/2024 12:00 - 19:00,30/07/2024 12:00 - 19:00,31/07/2024 12:00 - 19:00,1/08/2024 12:00 - 19:00,2/08/2024 12:00 - 17:00,27/07/2024 12:00 - 19:00,28/07/2024 12:00 - 19:00,29/07/2024 12:00 - 19:00,30/07/2024 12:00 - 19:00,31/07/2024 12:00 - 19:00,1/08/2024 12:00 - 19:00,27/07/2024 12:00 - 19:00,28/07/2024 12:00 - 19:00,29/07/2024 12:00 - 19:00,30/07/2024 12:00 - 19:00,31/07/2024 12:00 - 19:00,,,,,,,,,,,,,,,,,,,,,,,,,,,,,,,,,,,,,,,,,,,,,,,,,,,,,,,,,,,,,,,,,,,,,,,,,,,,,,,,,,,,,,,
6/08/2024 21:30 - 23:30,7/08/2024 21:30 - 23:30,8/08/2024 21:30 - 23:30,9/08/2024 21:30 - 23:30,10/08/2024 21:30 - 23:30,27/07/2024 09:00 - 11:30,28/07/2024 09:00 - 11:30,29/07/2024 09:00 - 11:30,30/07/2024 09:00 - 11:30,31/07/2024 09:00 - 11:30,1/08/2024 09:00 - 11:30,2/08/2024 09:00 - 11:30,3/08/2024 09:00 - 11:30,4/08/2024 09:00 - 11:30,5/08/2024 09:00 - 11:30,6/08/2024 09:00 - 11:30,27/07/2024 13:00 - 15:30,28/07/2024 13:00 - 15:30,29/07/2024 13:00 - 15:30,30/07/2024 13:00 - 15:30,31/07/2024 13:00 - 15:30,1/08/2024 13:00 - 15:30,2/08/2024 13:00 - 15:30,3/08/2024 13:00 - 15:30,4/08/2024 13:00 - 15:30,5/08/2024 13:00 - 15:30,6/08/2024 13:00 - 15:30,Horaires des sessions des matchs de bronze et d'or en,27/07/2024 17:00 - 19:30,28/07/2024 17:00 - 19:30,29/07/2024 17:00 - 19:30,30/07/2024 17:00 - 19:30,31/07/2024 17:00 - 19:30,1/08/2024 17:00 - 19:30,2/08/2024 17:00 - 19:30,3/08/2024 17:00 - 19:30,4/08/2024 17:00 - 19:30,5/08/2024 17:00 - 19:30,6/08/2024 17:00 - 19:30,7/08/2024 16:00 - 18:30,8/08/2024 16:00 - 18:30,discussion avec la FIVB.,27/07/2024 21:00 - 23:30,28/07/2024 21:00 - 23:30,29/07/2024 21:00 - 23:30,30/07/2024 21:00 - 23:30,31/07/2024 21:00 - 23:30,1/08/2024 21:00 - 23:30,2/08/2024 21:00 - 23:30,3/08/2024 21:00 - 23:30,4/08/2024 21:00 - 23:30,5/08/2024 21:00 - 23:30,6/08/2024 21:00 - 23:30,7/08/2024 20:00 - 22:30,8/08/2024 20:00 - 22:30,28/07/2024 10:00 - 14:00,29/07/2024 10:00 - 14:00,30/07/2024 10:00 - 12:00,31/07/2024 10:00 - 13:00,1/08/2024 10:00 - 13:00,2/08/2024 10:00 - 12:00,5/08/2024 10:00 - 13:00,6/08/2024 10:00 - 13:00,7/08/2024 10:00 - 13:00,8/08/2024 10:00 - 13:00,9/08/2024 10:00 - 13:00,10/08/2024 10:00 - 13:00,27/07/2024 15:00 - 18:00,28/07/2024 16:00 - 18:00,29/07/2024 16:00 - 18:00,30/07/2024 13:30 - 16:00,31/07/2024 15:00 - 18:00,1/08/2024 15:00 - 18:00,2/08/2024 13:30 - 15:30,3/08/2024 13:30 - 16:00,4/08/2024 13:30 - 16:00,5/08/2024 15:00 - 18:00,6/08/2024 15:00 - 18:00,7/08/2024 15:00 - 18:00,8/08/2024 15:00 - 18:00,9/08/2024 15:00 - 18:30,10/08/2024 15:00 - 18:30,25/07/2024 09:00 - 12:30,27/07/2024 09:00 - 12:30,28/07/2024 09:00 - 12:30,29/07/2024 09:00 - 12:30,30/07/2024 09:00 - 12:30,31/07/2024 09:00 - 12:30,1/08/2024 09:00 - 12:30,2/08/2024 09:00 - 12:30,3/08/2024 09:00 - 12:30,4/08/2024 09:00 - 12:30,25/07/2024 14:00 - 17:30,27/07/2024 14:00 - 17:30,28/07/2024 14:00 - 17:30,29/07/2024 14:00 - 17:30,30/07/2024 14:00 - 17:30,31/07/2024 14:00 - 17:30,1/08/2024 14:00 - 17:30,2/08/2024 14:00 - 17:30,3/08/2024 14:00 - 17:30,4/08/2024 14:00 - 17:30,25/07/2024 19:00 - 22:30,27/07/2024 19:00 - 22:30,28/07/2024 19:00 - 22:30,29/07/2024 19:00 - 22:30,30/07/2024 19:00 - 22:30,31/07/2024 19:00 - 22:30,1/08/2024 19:00 - 22:30,2/08/2024 19:00 - 22:30,3/08/2024 19:00 - 22:30,4/08/2024 19:00 - 22:30,10/08/2024 11:30 - 14:00,11/08/2024 11:30 - 14:00,7/08/2024 15:00 - 17:30,8/08/2024 15:00 - 17:30,9/08/2024 15:00 - 17:30,10/08/2024 16:00 - 18:30,7/08/2024 19:30 - 22:00,8/08/2024 19:30 - 22:00,9/08/2024 19:30 - 22:00,10/08/2024 20:30 - 23:00
27/07/2024 11:00 - 13:30,28/07/2024 09:30 - 13:20,28/07/2024 14:50 - 16:30,5/08/2024 12:00 - 15:15,27/07/2024 15:30 - 18:00,28/07/2024 18:00 - 19:40,3/08/2024 15:30 - 18:00,4/08/2024 15:00 - 17:25,27/07/2024 20:00 - 22:30,28/07/2024 21:10 - 22:50,29/07/2024 17:30 - 20:30,30/07/2024 18:15 - 20:30,31/07/2024 17:30 - 20:15,1/08/2024 18:15 - 20:25,2/08/2024 12:00 - 14:30,2/08/2024 18:00 - 20:30,6/08/2024 11:00 - 13:00,7/08/2024 11:00 - 13:00,6/08/2024 14:30 - 16:30,7/08/2024 14:30 - 16:30,10/08/2024 11:00 - 13:00,11/08/2024 11:30 - 13:30,6/08/2024 18:00 - 20:00,7/08/2024 18:00 - 20:00,8/08/2024 17:30 - 19:30,9/08/2024 17:30 - 19:30,11/08/2024 15:30 - 18:00,6/08/2024 21:30 - 23:30,7/08/2024 21:30 - 23:30,8/08/2024 21:00 - 23:00,9/08/2024 21:00 - 23:00,10/08/2024 21:30 - 00:00,,,,,,,,,,,,,,,,,,,,,,,,,,,,,,,,,,,,,,,,,,,,,,,,,,,,,,,,,,,,,,,,,,,,,,,,,,,,,,,,,,,,,,,,,,
27/07/2024 08:30 - 12:00,28/07/2024 08:30 - 12:00,29/07/2024 08:30 - 12:00,30/07/2024 08:30 - 12:00,31/07/2024 08:30 - 12:00,1/08/2024 08:30 - 11:00,2/08/2024 08:30 - 13:00,3/08/2024 08:30 - 13:00,4/08/2024 08:30 - 13:00,5/08/2024 09:45 - 12:30,27/07/2024 14:00 - 17:30,28/07/2024 14:00 - 17:30,29/07/2024 14:00 - 17:30,30/07/2024 14:00 - 17:30,31/07/2024 14:00 - 17:30,1/08/2024 13:00 - 16:30,2/08/2024 15:00 - 22:30,3/08/2024 15:00 - 17:30,4/08/2024 15:00 - 17:30,5/08/2024 14:30 - 17:30,27/07/2024 19:30 - 23:00,28/07/2024 19:30 - 23:00,29/07/2024 19:30 - 23:00,30/07/2024 19:30 - 23:00,31/07/2024 19:30 - 23:00,8/08/2024 10:00 - 13:00,9/08/2024 10:00 - 12:30,10/08/2024 14:00 - 15:45,8/08/2024 15:00 - 18:00,9/08/2024 14:30 - 17:00,,,,,,,,,,,,,,,,,,,,,,,,,,,,,,,,,,,,,,,,,,,,,,,,,,,,,,,,,,,,,,,,,,,,,,,,,,,,,,,,,,,,,,,,,,,,
27/07/2024 11:00 - 13:00,28/07/2024 11:00 - 13:00,29/07/2024 11:00 - 13:00,30/07/2024 11:00 - 13:00,31/07/2024 11:00 - 13:00,1/08/2024 11:00 - 13:00,2/08/2024 11:00 - 13:00,3/08/2024 11:00 - 13:00,27/07/2024 20:30 - 22:30,28/07/2024 20:30 - 22:30,29/07/2024 20:30 - 22:30,30/07/2024 20:30 - 22:30,31/07/2024 20:30 - 22:30,1/08/2024 20:30 - 22:30,2/08/2024 20:30 - 22:30,3/08/2024 20:30 - 22:30,4/08/2024 18:30 - 20:30,10/08/2024 09:00 - 12:00,11/08/2024 09:00 - 12:00,5/08/2024 12:00 - 16:30,6/08/2024 14:00 - 17:00,7/08/2024 14:00 - 17:00,8/08/2024 13:00 - 16:00,9/08/2024 13:00 - 16:00,10/08/2024 14:00 - 21:00,11/08/2024 14:00 - 15:50,,,,,,,,,,,,,,,,,,,,,,,,,,,,,,,,,,,,,,,,,,,,,,,,,,,,,,,,,,,,,,,,,,,,,,,,,,,,,,,,,,,,,,,,,,,,,,,,
2/08/2024 10:00 - 13:00,3/08/2024 10:00 - 16:00,4/08/2024 10:00 - 13:00,5/08/2024 10:00 - 13:00,6/08/2024 10:00 - 13:00,7/08/2024 10:00 - 13:00,8/08/2024 10:00 - 13:00,9/08/2024 10:00 - 13:00,2/08/2024 19:00 - 22:00,3/08/2024 19:00 - 22:00,4/08/2024 19:00 - 22:00,5/08/2024 19:00 - 22:00,6/08/2024 19:00 - 22:00,7/08/2024 19:00 - 22:00,8/08/2024 19:00 - 22:00,9/08/2024 19:00 - 22:00,10/08/2024 19:00 - 22:00,24/07/2024 15:30 - 22:00,25/07/2024 14:00 - 17:00,27/07/2024 14:30 - 20:45,28/07/2024 15:30 - 22:00,29/07/2024 14:00 - 17:00,30/07/2024 14:30 - 20:45,25/07/2024 20:00 - 23:00,29/07/2024 20:00 - 23:00,,,,,,,,,,,,,,,,,,,,,,,,,,,,,,,,,,,,,,,,,,,,,,,,,,,,,,,,,,,,,,,,,,,,,,,,,,,,,,,,,,,,,,,,,,,,,,,,,
